t,cum_loss_algo,cum_loss_bfph,cum_regret,sqrt_t_bound_c1
1,-0.014532233613295024,-0.0010174451136880115,-0.013514788499607014,1.0
2,-0.023536754871294654,-0.0024705035986524685,-0.021066251272642188,1.4142135623730951
3,-0.03180410675395458,-0.004775636998922661,-0.02702846975503192,1.7320508075688772
4,-0.046776387808949264,-0.007936721646519799,-0.03883966616242947,2.0
5,-0.053492731456065874,-0.007335547161668145,-0.04615718429439773,2.23606797749979
6,-0.061564319403502224,-0.009625704720524262,-0.05193861468297796,2.449489742783178
7,-0.06398508548043856,-0.00188385027777663,-0.062101235202661934,2.6457513110645907
8,-0.06703986014138073,-0.002369012624260442,-0.0646708475171203,2.8284271247461903
9,-0.07934247895001975,-0.005792748114808979,-0.07354973083521077,3.0
10,-0.09406731597665821,-0.0029024559487999093,-0.0911648600278583,3.1622776601683795
11,-0.10118414294948302,-0.0027954036141623886,-0.09838873933532064,3.3166247903554
12,-0.11309062243064212,-0.006212088552198982,-0.10687853387844314,3.4641016151377544
13,-0.11992971335527314,-0.007627132979360014,-0.11230258037591312,3.605551275463989
14,-0.12822906311874682,-0.005037651197562233,-0.12319141192118459,3.7416573867739413
15,-0.14796506175651694,-0.005474279113188825,-0.14249078264332812,3.872983346207417
16,-0.1579069718617239,-0.005693172804314912,-0.15221379905740898,4.0
17,-0.17703606879071987,-0.006063584905133748,-0.1709724838855861,4.123105625617661
18,-0.19264860558996338,-0.007144927301907836,-0.18550367828805556,4.242640687119285
19,-0.20336453015494071,-0.010598492951377521,-0.1927660372035632,4.358898943540674
20,-0.20845227628558433,-0.007839536237040416,-0.2006127400485439,4.47213595499958
21,-0.21995828338101814,-0.004765405575397954,-0.2151928778056202,4.58257569495584
22,-0.23367174996650533,-0.00407528562614926,-0.22959646434035608,4.69041575982343
23,-0.23718902950131107,-0.004194269748024525,-0.23299475975328654,4.795831523312719
24,-0.2433016435316299,-0.00011390356770473245,-0.24318773996392515,4.898979485566356
25,-0.24770200969381165,0.0,-0.24770200969381165,5.0
26,-0.25554214022729277,-0.0020595783657662353,-0.2534825618615265,5.0990195135927845
27,-0.2670359793330413,-0.004383225191586025,-0.2626527541414553,5.196152422706632
28,-0.27541033410810145,-0.0031370366248738707,-0.2722732974832276,5.291502622129181
29,-0.2873283957795933,-0.004798232431723797,-0.2825301633478695,5.385164807134504
30,-0.29191763519175223,-0.0023712250034695764,-0.28954641018828264,5.477225575051661
31,-0.2995370412494942,-0.0050969419046949915,-0.2944400993447992,5.5677643628300215
32,-0.303078055729102,-0.0035871080658963074,-0.2994909476632057,5.656854249492381
33,-0.31163985593986326,0.0,-0.31163985593986326,5.744562646538029
34,-0.32053775723065053,-0.0008238574139326023,-0.31971389981671794,5.830951894845301
35,-0.3298841626651711,-0.0007487236602096161,-0.3291354390049615,5.916079783099616
36,-0.3445261896105378,0.0,-0.3445261896105378,6.0
37,-0.34958004306530865,0.0,-0.34958004306530865,6.082762530298219
38,-0.36694263458656634,0.0,-0.36694263458656634,6.164414002968976
39,-0.3777863943399969,-0.001718173196234288,-0.3760682211437626,6.244997998398398
40,-0.3940299483712388,0.0,-0.3940299483712388,6.324555320336759
41,-0.40454739612649016,0.0,-0.40454739612649016,6.4031242374328485
42,-0.4093741329258823,0.0,-0.4093741329258823,6.48074069840786
43,-0.418483401411291,0.0,-0.418483401411291,6.557438524302
44,-0.42701553790903346,0.0,-0.42701553790903346,6.6332495807108
45,-0.4449309939146314,0.0,-0.4449309939146314,6.708203932499369
46,-0.45101535119227865,0.0,-0.45101535119227865,6.782329983125268
47,-0.45801257974723397,0.0,-0.45801257974723397,6.855654600401044
48,-0.4655428717861985,0.0,-0.4655428717861985,6.928203230275509
49,-0.4813093467129098,0.0,-0.4813093467129098,7.0
50,-0.4923200597474961,0.0,-0.4923200597474961,7.0710678118654755
51,-0.49807693268143166,0.0,-0.49807693268143166,7.14142842854285
52,-0.5083874062510858,0.0,-0.5083874062510858,7.211102550927978
53,-0.514830784685648,0.0,-0.514830784685648,7.280109889280518
54,-0.5304335961169155,0.0,-0.5304335961169155,7.3484692283495345
55,-0.539719627046576,0.0,-0.539719627046576,7.416198487095663
56,-0.5459874301464177,0.0,-0.5459874301464177,7.483314773547883
57,-0.5495344219475881,0.0,-0.5495344219475881,7.54983443527075
58,-0.5549049879982573,0.0,-0.5549049879982573,7.615773105863909
59,-0.5617818128045192,0.0,-0.5617818128045192,7.681145747868608
60,-0.5685923594814504,0.0,-0.5685923594814504,7.745966692414834
61,-0.5736757248982797,0.0,-0.5736757248982797,7.810249675906654
62,-0.579622433129018,0.0,-0.579622433129018,7.874007874011811
63,-0.5931387428246996,0.0,-0.5931387428246996,7.937253933193772
64,-0.6026048341282737,0.0,-0.6026048341282737,8.0
65,-0.6147017477009388,0.0,-0.6147017477009388,8.06225774829855
66,-0.6228254614028788,0.0,-0.6228254614028788,8.12403840463596
67,-0.6370804695479089,0.0,-0.6370804695479089,8.18535277187245
68,-0.646926542883464,0.0,-0.646926542883464,8.246211251235321
69,-0.6536517947751365,0.0,-0.6536517947751365,8.306623862918075
70,-0.6651175031521896,0.0,-0.6651175031521896,8.366600265340756
71,-0.6725199640046716,0.0,-0.6725199640046716,8.426149773176359
72,-0.6790301884983981,0.0,-0.6790301884983981,8.48528137423857
73,-0.6923705174016942,0.0,-0.6923705174016942,8.54400374531753
74,-0.6984683198285663,0.0,-0.6984683198285663,8.602325267042627
75,-0.7051220873231465,0.0,-0.7051220873231465,8.660254037844387
76,-0.7155689915862604,0.0,-0.7155689915862604,8.717797887081348
77,-0.7291241445954569,0.0,-0.7291241445954569,8.774964387392123
78,-0.7378542828200586,0.0,-0.7378542828200586,8.831760866327848
79,-0.7541548944276414,0.0,-0.7541548944276414,8.888194417315589
80,-0.7567629094496062,0.0,-0.7567629094496062,8.94427190999916
81,-0.764423462417608,0.0,-0.764423462417608,9.0
82,-0.7724127908605581,0.0,-0.7724127908605581,9.055385138137417
83,-0.7792319842307746,0.0,-0.7792319842307746,9.1104335791443
84,-0.7838833142452298,0.0,-0.7838833142452298,9.16515138991168
85,-0.7931936805552793,0.0,-0.7931936805552793,9.219544457292887
86,-0.7998929233067461,0.0,-0.7998929233067461,9.273618495495704
87,-0.8030235742540285,0.0,-0.8030235742540285,9.327379053088816
88,-0.8120102471722986,0.0,-0.8120102471722986,9.38083151964686
89,-0.8294257470616904,0.0,-0.8294257470616904,9.433981132056603
90,-0.8392367968972699,0.0,-0.8392367968972699,9.486832980505138
91,-0.8438247537689081,0.0,-0.8438247537689081,9.539392014169456
92,-0.8500209050255276,0.0,-0.8500209050255276,9.591663046625438
93,-0.8699532775892949,0.0,-0.8699532775892949,9.643650760992955
94,-0.8765487779848913,0.0,-0.8765487779848913,9.695359714832659
95,-0.8789564818530069,0.0,-0.8789564818530069,9.746794344808963
96,-0.8882479949275177,0.0,-0.8882479949275177,9.797958971132712
97,-0.8956849228164644,0.0,-0.8956849228164644,9.848857801796104
98,-0.9039897672721976,0.0,-0.9039897672721976,9.899494936611665
99,-0.907740894271746,0.0,-0.907740894271746,9.9498743710662
100,-0.9146290896686107,0.0,-0.9146290896686107,10.0
101,-0.9203722120031248,0.0,-0.9203722120031248,10.04987562112089
102,-0.9265592078392262,0.0,-0.9265592078392262,10.099504938362077
103,-0.9407064862831073,0.0,-0.9407064862831073,10.14889156509222
104,-0.951938638556413,0.0,-0.951938638556413,10.198039027185569
105,-0.9523647069367859,0.0,-0.9523647069367859,10.246950765959598
106,-0.9569958286839679,0.0,-0.9569958286839679,10.295630140987
107,-0.9679456879671912,0.0,-0.9679456879671912,10.344080432788601
108,-0.9763996820021735,0.0,-0.9763996820021735,10.392304845413264
109,-1.004312741632927,0.0,-1.004312741632927,10.44030650891055
110,-1.0141758501086315,0.0,-1.0141758501086315,10.488088481701515
111,-1.0294594466880131,0.0,-1.0294594466880131,10.535653752852738
112,-1.036704610741567,0.0,-1.036704610741567,10.583005244258363
113,-1.0480999988195245,0.0,-1.0480999988195245,10.63014581273465
114,-1.0559190945592283,0.0,-1.0559190945592283,10.677078252031311
115,-1.068602632951796,0.0,-1.068602632951796,10.723805294763608
116,-1.077832322433243,0.0,-1.077832322433243,10.770329614269007
117,-1.087957566857355,0.0,-1.087957566857355,10.816653826391969
118,-1.0988753093329302,0.0,-1.0988753093329302,10.862780491200215
119,-1.1104967193852175,0.0,-1.1104967193852175,10.908712114635714
120,-1.1181496181530406,0.0,-1.1181496181530406,10.954451150103322
121,-1.1263717696057005,0.0,-1.1263717696057005,11.0
122,-1.1350698659748508,0.0,-1.1350698659748508,11.045361017187261
123,-1.140707494720763,0.0,-1.140707494720763,11.090536506409418
124,-1.1466516065871937,0.0,-1.1466516065871937,11.135528725660043
125,-1.1507880467009108,0.0,-1.1507880467009108,11.180339887498949
126,-1.1576865187957504,0.0,-1.1576865187957504,11.224972160321824
127,-1.165972961724471,0.0,-1.165972961724471,11.269427669584644
128,-1.1738647077521533,0.0,-1.1738647077521533,11.313708498984761
129,-1.1796857369296363,0.0,-1.1796857369296363,11.357816691600547
130,-1.1864063613387499,0.0,-1.1864063613387499,11.40175425099138
131,-1.1937840167332174,0.0,-1.1937840167332174,11.445523142259598
132,-1.2094901653186783,0.0,-1.2094901653186783,11.489125293076057
133,-1.2172490801378446,0.0,-1.2172490801378446,11.532562594670797
134,-1.2257593221036134,0.0,-1.2257593221036134,11.575836902790225
135,-1.2453485674075557,0.0,-1.2453485674075557,11.61895003862225
136,-1.2947569163959955,0.0,-1.2947569163959955,11.661903789690601
137,-1.3118531919962548,0.0,-1.3118531919962548,11.704699910719626
138,-1.3200548040451372,0.0,-1.3200548040451372,11.74734012447073
139,-1.328450779719852,0.0,-1.328450779719852,11.789826122551595
140,-1.338909474543959,0.0,-1.338909474543959,11.832159566199232
141,-1.3578358020181245,0.0,-1.3578358020181245,11.874342087037917
142,-1.365805205142227,0.0,-1.365805205142227,11.916375287812984
143,-1.3730787866473686,0.0,-1.3730787866473686,11.958260743101398
144,-1.3887314229767922,0.0,-1.3887314229767922,12.0
145,-1.3944079483089509,0.0,-1.3944079483089509,12.041594578792296
146,-1.4051824623183762,0.0,-1.4051824623183762,12.083045973594572
147,-1.4117436586904424,0.0,-1.4117436586904424,12.12435565298214
148,-1.4226229048524761,0.0,-1.4226229048524761,12.165525060596439
149,-1.4313907867154574,0.0,-1.4313907867154574,12.206555615733702
150,-1.479885764662755,0.0,-1.479885764662755,12.24744871391589
151,-1.4857294436710562,0.0,-1.4857294436710562,12.288205727444508
152,-1.4943234341910492,0.0,-1.4943234341910492,12.328828005937952
153,-1.503089522195654,0.0,-1.503089522195654,12.36931687685298
154,-1.5118484902814244,0.0,-1.5118484902814244,12.409673645990857
155,-1.5141037459899103,0.0,-1.5141037459899103,12.449899597988733
156,-1.5248911107008964,0.0,-1.5248911107008964,12.489995996796797
157,-1.5453871133058426,0.0,-1.5453871133058426,12.529964086141668
158,-1.5700119243603257,0.0,-1.5700119243603257,12.569805089976535
159,-1.5784849347014511,0.0,-1.5784849347014511,12.609520212918492
160,-1.5970420125903497,0.0,-1.5970420125903497,12.649110640673518
161,-1.5986530897940112,0.0,-1.5986530897940112,12.68857754044952
162,-1.6053161054673566,0.0,-1.6053161054673566,12.727922061357855
163,-1.6219279041018748,0.0,-1.6219279041018748,12.767145334803704
164,-1.6307586153659381,0.0,-1.6307586153659381,12.806248474865697
165,-1.63781602494671,0.0,-1.63781602494671,12.84523257866513
166,-1.6497367323870693,0.0,-1.6497367323870693,12.884098726725126
167,-1.6575659949685368,0.0,-1.6575659949685368,12.922847983320086
168,-1.6636619834438566,0.0,-1.6636619834438566,12.96148139681572
169,-1.669743027660469,0.0,-1.669743027660469,13.0
170,-1.6822012021851882,0.0,-1.6822012021851882,13.038404810405298
171,-1.6876258820018386,0.0,-1.6876258820018386,13.076696830622021
172,-1.6914945148435974,0.0,-1.6914945148435974,13.114877048604
173,-1.7000092066230668,0.0,-1.7000092066230668,13.152946437965905
174,-1.705888458588788,0.0,-1.705888458588788,13.19090595827292
175,-1.716160486733183,0.0,-1.716160486733183,13.228756555322953
176,-1.7253697889624766,0.0,-1.7253697889624766,13.2664991614216
177,-1.7400625896800992,0.0,-1.7400625896800992,13.30413469565007
178,-1.7536937721496935,0.0,-1.7536937721496935,13.341664064126334
179,-1.7662781527671865,0.0,-1.7662781527671865,13.379088160259652
180,-1.7727641729784105,0.0,-1.7727641729784105,13.416407864998739
181,-1.7788076544157174,0.0,-1.7788076544157174,13.45362404707371
182,-1.7856275910585793,0.0,-1.7856275910585793,13.490737563232042
183,-1.7959547780703085,0.0,-1.7959547780703085,13.527749258468683
184,-1.8088805186872796,0.0,-1.8088805186872796,13.564659966250536
185,-1.8194197918107065,0.0,-1.8194197918107065,13.601470508735444
186,-1.8332308921477327,0.0,-1.8332308921477327,13.638181696985855
187,-1.8363675743246834,0.0,-1.8363675743246834,13.674794331177344
188,-1.8453836665268013,0.0,-1.8453836665268013,13.711309200802088
189,-1.8612569643012817,0.0,-1.8612569643012817,13.74772708486752
190,-1.8728900252701621,0.0,-1.8728900252701621,13.784048752090222
191,-1.8816903826442692,0.0,-1.8816903826442692,13.820274961085254
192,-1.8990891307612314,0.0,-1.8990891307612314,13.856406460551018
193,-1.9169561618920223,0.0,-1.9169561618920223,13.892443989449804
194,-1.9244623503137332,0.0,-1.9244623503137332,13.92838827718412
195,-1.9280313488324479,0.0,-1.9280313488324479,13.96424004376894
196,-1.9400758006552552,0.0,-1.9400758006552552,14.0
197,-1.9489703582534015,0.0,-1.9489703582534015,14.035668847618199
198,-1.9531766611508221,0.0,-1.9531766611508221,14.071247279470288
199,-1.961978214498406,0.0,-1.961978214498406,14.106735979665885
200,-1.9700840455184931,0.0,-1.9700840455184931,14.142135623730951
201,-1.9781832326719977,0.0,-1.9781832326719977,14.177446878757825
202,-1.9875467825797506,0.0,-1.9875467825797506,14.212670403551895
203,-2.0020465812261627,0.0,-2.0020465812261627,14.247806848775006
204,-2.025217770700711,0.0,-2.025217770700711,14.2828568570857
205,-2.0275683215679243,0.0,-2.0275683215679243,14.317821063276353
206,-2.03718810681744,0.0,-2.03718810681744,14.352700094407323
207,-2.0478206629730495,0.0,-2.0478206629730495,14.38749456993816
208,-2.0606937239652923,0.0,-2.0606937239652923,14.422205101855956
209,-2.07776882551031,0.0,-2.07776882551031,14.45683229480096
210,-2.0802383921241216,0.0,-2.0802383921241216,14.491376746189438
211,-2.0877151228658053,0.0,-2.0877151228658053,14.52583904633395
212,-2.0933483605573655,0.0,-2.0933483605573655,14.560219778561036
213,-2.0952137345818875,0.0,-2.0952137345818875,14.594519519326424
214,-2.107510054303488,0.0,-2.107510054303488,14.628738838327793
215,-2.1145225076509653,0.0,-2.1145225076509653,14.66287829861518
216,-2.123374156151294,0.0,-2.123374156151294,14.696938456699069
217,-2.132586570048637,0.0,-2.132586570048637,14.730919862656235
218,-2.1382807666573824,0.0,-2.1382807666573824,14.7648230602334
219,-2.1531882384956265,0.0,-2.1531882384956265,14.798648586948742
220,-2.1650984026265188,0.0,-2.1650984026265188,14.832396974191326
221,-2.176043987206707,0.0,-2.176043987206707,14.866068747318506
222,-2.181463538756654,0.0,-2.181463538756654,14.89966442575134
223,-2.1890293401267553,0.0,-2.1890293401267553,14.933184523068078
224,-2.196692788578121,0.0,-2.196692788578121,14.966629547095765
225,-2.205123199804359,0.0,-2.205123199804359,15.0
226,-2.213096435107863,0.0,-2.213096435107863,15.033296378372908
227,-2.2226830273068026,0.0,-2.2226830273068026,15.066519173319364
228,-2.230877311906986,0.0,-2.230877311906986,15.0996688705415
229,-2.24136016807366,0.0,-2.24136016807366,15.132745950421556
230,-2.252978596710127,0.0,-2.252978596710127,15.165750888103101
231,-2.26436820821703,0.0,-2.26436820821703,15.198684153570664
232,-2.2694760390208297,0.0,-2.2694760390208297,15.231546211727817
233,-2.277385586269244,0.0,-2.277385586269244,15.264337522473747
234,-2.289147326814307,0.0,-2.289147326814307,15.297058540778355
235,-2.3117396791938276,0.0,-2.3117396791938276,15.329709716755891
236,-2.3203759441775937,0.0,-2.3203759441775937,15.362291495737216
237,-2.3286597747483904,0.0,-2.3286597747483904,15.394804318340652
238,-2.3396365165697435,0.0,-2.3396365165697435,15.427248620541512
239,-2.3448861755434987,0.0,-2.3448861755434987,15.459624833740307
240,-2.360969779769055,0.0,-2.360969779769055,15.491933384829668
241,-2.3689345930852097,0.0,-2.3689345930852097,15.524174696260024
242,-2.382644268871471,0.0,-2.382644268871471,15.556349186104045
243,-2.394244807926061,0.0,-2.394244807926061,15.588457268119896
244,-2.3951291177541547,0.0,-2.3951291177541547,15.620499351813308
245,-2.400273486433101,0.0,-2.400273486433101,15.652475842498529
246,-2.4082594506879134,0.0,-2.4082594506879134,15.684387141358123
247,-2.414295458533688,0.0,-2.414295458533688,15.716233645501712
248,-2.4283425195111805,0.0,-2.4283425195111805,15.748015748023622
249,-2.4418907459808934,0.0,-2.4418907459808934,15.7797338380595
250,-2.4570336574732274,0.0,-2.4570336574732274,15.811388300841896
251,-2.460915308612965,0.0,-2.460915308612965,15.84297951775486
252,-2.4728374752646736,0.0,-2.4728374752646736,15.874507866387544
253,-2.484521588428822,0.0,-2.484521588428822,15.905973720586866
254,-2.501135576633444,0.0,-2.501135576633444,15.937377450509228
255,-2.5074312520152438,0.0,-2.5074312520152438,15.968719422671311
256,-2.5188446589838844,0.0,-2.5188446589838844,16.0
257,-2.5278095151878155,0.0,-2.5278095151878155,16.0312195418814
258,-2.5385265928357095,0.0,-2.5385265928357095,16.06237840420901
259,-2.544840525129495,0.0,-2.544840525129495,16.09347693943108
260,-2.5528148986454724,0.0,-2.5528148986454724,16.1245154965971
261,-2.5657680253410233,0.0,-2.5657680253410233,16.15549442140351
262,-2.57364697611449,0.0,-2.57364697611449,16.186414056238647
263,-2.581831243881181,0.0,-2.581831243881181,16.217274740226856
264,-2.58703579071849,0.0,-2.58703579071849,16.24807680927192
265,-2.5982282396221423,0.0,-2.5982282396221423,16.278820596099706
266,-2.6024797326119553,0.0,-2.6024797326119553,16.30950643030009
267,-2.6184601277877273,0.0,-2.6184601277877273,16.34013463836819
268,-2.633528894217002,0.0,-2.633528894217002,16.3707055437449
269,-2.6420283737302466,0.0,-2.6420283737302466,16.401219466856727
270,-2.651980650343007,0.0,-2.651980650343007,16.431676725154983
271,-2.6617501668401817,0.0,-2.6617501668401817,16.46207763315433
272,-2.6690833800876135,0.0,-2.6690833800876135,16.492422502470642
273,-2.6735205771176704,0.0,-2.6735205771176704,16.522711641858304
274,-2.6817864949001873,0.0,-2.6817864949001873,16.55294535724685
275,-2.6917076520539833,0.0,-2.6917076520539833,16.583123951777
276,-2.703984401883672,0.0,-2.703984401883672,16.61324772583615
277,-2.725691540474949,0.0,-2.725691540474949,16.64331697709324
278,-2.733564325777539,0.0,-2.733564325777539,16.673332000533065
279,-2.744106480085815,0.0,-2.744106480085815,16.703293088490067
280,-2.75611985346,0.0,-2.75611985346,16.73320053068151
281,-2.762257357256341,0.0,-2.762257357256341,16.76305461424021
282,-2.7907513660588674,0.0,-2.7907513660588674,16.792855623746664
283,-2.7976731514920328,0.0,-2.7976731514920328,16.822603841260722
284,-2.8028219165867854,0.0,-2.8028219165867854,16.852299546352718
285,-2.810961450011856,0.0,-2.810961450011856,16.881943016134134
286,-2.8172508593879124,0.0,-2.8172508593879124,16.911534525287763
287,-2.8289570483991566,0.0,-2.8289570483991566,16.941074346097416
288,-2.8418351834828344,0.0,-2.8418351834828344,16.97056274847714
289,-2.8502642696673677,0.0,-2.8502642696673677,17.0
290,-2.8684433001919865,0.0,-2.8684433001919865,17.029386365926403
291,-2.8839744783549657,0.0,-2.8839744783549657,17.05872210923198
292,-2.896851409577718,-0.0007233580588914729,-2.896128051518826,17.08800749063506
293,-2.9080859742248295,0.0,-2.9080859742248295,17.11724276862369
294,-2.9424896366365574,0.0,-2.9424896366365574,17.146428199482248
295,-2.951581123935463,0.0,-2.951581123935463,17.175564037317667
296,-2.9608489097598265,0.0,-2.9608489097598265,17.204650534085253
297,-2.9694496879480874,-0.001754615463425499,-2.967695072484662,17.233687939614086
298,-2.9760411215065585,-0.002641863420755004,-2.9733992580858035,17.26267650163207
299,-2.983904526980207,-0.003767007493289694,-2.980137519486917,17.291616465790582
300,-2.991077536303195,-0.0012523195682908154,-2.989825216734904,17.320508075688775
301,-2.9983001610290634,0.0,-2.9983001610290634,17.349351572897472
302,-3.0039338949363876,0.0,-3.0039338949363876,17.378147196982766
303,-3.0180055213817316,0.0,-3.0180055213817316,17.406895185529212
304,-3.0251950851069216,0.0,-3.0251950851069216,17.435595774162696
305,-3.0213305980138156,0.0,-3.0213305980138156,17.46424919657298
306,-3.025991610280739,0.0,-3.025991610280739,17.4928556845359
307,-3.0337971234851646,0.0,-3.0337971234851646,17.52141546793523
308,-3.0385409197145066,0.0,-3.0385409197145066,17.549928774784245
309,-3.047859160049063,0.0,-3.047859160049063,17.578395831246947
310,-3.053982254692246,0.0,-3.053982254692246,17.60681686165901
311,-3.0702110195400025,0.0,-3.0702110195400025,17.635192088548397
312,-3.0886543184582598,0.0,-3.0886543184582598,17.663521732655695
313,-3.1029318981719927,0.0,-3.1029318981719927,17.69180601295413
314,-3.1084625653150035,0.0,-3.1084625653150035,17.72004514666935
315,-3.1193665689033523,0.0,-3.1193665689033523,17.74823934929885
316,-3.13305634283743,0.0,-3.13305634283743,17.776388834631177
317,-3.142595538093877,0.0,-3.142595538093877,17.804493814764857
318,-3.162546846661281,0.0,-3.162546846661281,17.832554500127006
319,-3.17664368618077,-0.0022313531004383076,-3.1744123330803315,17.86057109949175
320,-3.184764432345817,-0.0012274482738348672,-3.183536984071982,17.88854381999832
321,-3.204021382022036,-0.003973337350665131,-3.200048044671371,17.916472867168917
322,-3.2215759347507147,-0.010166490330922522,-3.2114094444197923,17.944358444926362
323,-3.2277096455970242,-0.009124103079711177,-3.218585542517313,17.97220075561143
324,-3.2369147832223444,-0.0074164845086899245,-3.2294982987136542,18.0
325,-3.2512654775222845,-0.010807713077620927,-3.2404577644446637,18.027756377319946
326,-3.2584314216206756,-0.010266017585289078,-3.2481654040353867,18.05547008526779
327,-3.2658642517486447,-0.007214498216170767,-3.258649753532474,18.083141320025124
328,-3.2726644961013234,-0.007925717511527807,-3.2647387785897957,18.110770276274835
329,-3.2811817726473422,-0.006727098373210805,-3.2744546742741316,18.138357147217054
330,-3.2902197119199186,-0.006869295045063604,-3.283350416874855,18.16590212458495
331,-3.295043799981748,-0.003468285453536342,-3.291575514528212,18.193405398660254
332,-3.299594314984361,-0.001208771628841737,-3.2983855433555194,18.2208671582886
333,-3.3064520214182713,-0.0017723291237113185,-3.30467969229456,18.24828759089466
334,-3.3148633400736593,-0.0035401659110536102,-3.311323174162606,18.275666882497067
335,-3.318599751593204,-0.0013484713895406666,-3.317251280203663,18.303005217723125
336,-3.3321643140115254,0.0,-3.3321643140115254,18.33030277982336
337,-3.3351227095452947,0.0,-3.3351227095452947,18.35755975068582
338,-3.3494651211012108,0.0,-3.3494651211012108,18.384776310850235
339,-3.3566994493140223,0.0,-3.3566994493140223,18.411952639521967
340,-3.3675332264500293,-0.002565767760978256,-3.3649674586890512,18.439088914585774
341,-3.376878202491777,-0.002266458256121353,-3.374611744235656,18.466185312619388
342,-3.3846757461467316,-0.001211575353335106,-3.3834641707933963,18.49324200890693
343,-3.3901823564333764,0.0,-3.3901823564333764,18.520259177452136
344,-3.397643267069114,0.0,-3.397643267069114,18.547236990991408
345,-3.4081492456884157,0.0,-3.4081492456884157,18.57417562100671
346,-3.4219572466323567,0.0,-3.4219572466323567,18.601075237738275
347,-3.4325492548100227,0.0,-3.4325492548100227,18.627936010197157
348,-3.435346914790075,0.0,-3.435346914790075,18.65475810617763
349,-3.4483633109868324,0.0,-3.4483633109868324,18.681541692269406
350,-3.463885966481251,0.0,-3.463885966481251,18.708286933869708
351,-3.4772932693390572,0.0,-3.4772932693390572,18.734993995195193
352,-3.4859357150210912,0.0,-3.4859357150210912,18.76166303929372
353,-3.496625605377214,0.0,-3.496625605377214,18.788294228055936
354,-3.5139427897611113,0.0,-3.5139427897611113,18.81488772222678
355,-3.5199341249584917,0.0,-3.5199341249584917,18.841443681416774
356,-3.529782323689013,0.0,-3.529782323689013,18.867962264113206
357,-3.541673917888072,0.0,-3.541673917888072,18.894443627691185
358,-3.5488056434434374,0.0,-3.5488056434434374,18.920887928424502
359,-3.5584373400269946,0.0,-3.5584373400269946,18.947295321496416
360,-3.566804596713411,0.0,-3.566804596713411,18.973665961010276
361,-3.575565124030571,0.0,-3.575565124030571,19.0
362,-3.582407191139114,0.0,-3.582407191139114,19.026297590440446
363,-3.601654891562575,0.0,-3.601654891562575,19.05255888325765
364,-3.6142836713141264,0.0,-3.6142836713141264,19.078784028338912
365,-3.615786456566092,0.0,-3.615786456566092,19.1049731745428
366,-3.6304242679090915,0.0,-3.6304242679090915,19.131126469708992
367,-3.6364206932005554,0.0,-3.6364206932005554,19.157244060668017
368,-3.640387445232831,0.0,-3.640387445232831,19.183326093250876
369,-3.6448740364526535,0.0,-3.6448740364526535,19.209372712298546
370,-3.66290131227789,0.0,-3.66290131227789,19.235384061671343
371,-3.6692036725531803,0.0,-3.6692036725531803,19.261360284258224
372,-3.6813346975857324,0.0,-3.6813346975857324,19.28730152198591
373,-3.706954702210666,0.0,-3.706954702210666,19.313207915827967
374,-3.7199860261219753,0.0,-3.7199860261219753,19.339079605813716
375,-3.7267729072518727,0.0,-3.7267729072518727,19.364916731037084
376,-3.7384091532554726,0.0,-3.7384091532554726,19.390719429665317
377,-3.7479327888800666,0.0,-3.7479327888800666,19.4164878389476
378,-3.7684468390323818,0.0,-3.7684468390323818,19.44222209522358
379,-3.773269249856745,0.0,-3.773269249856745,19.467922333931785
380,-3.786201182699065,0.0,-3.786201182699065,19.493588689617926
381,-3.7897572003082916,0.0,-3.7897572003082916,19.519221295943137
382,-3.7987353411389666,0.0,-3.7987353411389666,19.544820285692065
383,-3.8045229433839607,0.0,-3.8045229433839607,19.570385790780925
384,-3.825688508604725,0.0,-3.825688508604725,19.595917942265423
385,-3.8344040970032145,0.0,-3.8344040970032145,19.621416870348583
386,-3.8466028969617634,0.0,-3.8466028969617634,19.6468827043885
387,-3.8527034177139012,0.0,-3.8527034177139012,19.672315572906
388,-3.863481657576838,0.0,-3.863481657576838,19.697715603592208
389,-3.872734076519371,0.0,-3.872734076519371,19.72308292331602
390,-3.88171840433494,0.0,-3.88171840433494,19.748417658131498
391,-3.8894238616103367,0.0,-3.8894238616103367,19.77371993328519
392,-3.9062928474047336,0.0,-3.9062928474047336,19.79898987322333
393,-3.9257126848364443,0.0,-3.9257126848364443,19.82422760159901
394,-3.939215417497107,0.0,-3.939215417497107,19.849433241279208
395,-3.9479395483402513,0.0,-3.9479395483402513,19.87460691435179
396,-3.959729210758283,0.0,-3.959729210758283,19.8997487421324
397,-3.9839494003489095,0.0,-3.9839494003489095,19.924858845171276
398,-3.990470610223545,0.0,-3.990470610223545,19.949937343260004
399,-4.00191761657276,-0.0016889240371452253,-4.0002286925356145,19.974984355438178
400,-4.0057930983842285,0.0,-4.0057930983842285,20.0
401,-4.0185524485541375,0.0,-4.0185524485541375,20.024984394500787
402,-4.025327892261653,0.0,-4.025327892261653,20.049937655763422
403,-4.039875780686025,0.0,-4.039875780686025,20.074859899884732
404,-4.052273760290492,-0.003057783543047374,-4.049215976747445,20.09975124224178
405,-4.070301292527509,-0.008445161274087627,-4.061856131253421,20.12461179749811
406,-4.075334375329053,-0.00496657001624772,-4.070367805312805,20.149441679609886
407,-4.09415089182307,-0.007153746654779471,-4.08699714516829,20.174241001832016
408,-4.101725532858587,-0.006585080402211277,-4.095140452456375,20.199009876724155
409,-4.108198303140029,-0.004120535610846657,-4.104077767529183,20.223748416156685
410,-4.116216089825512,-0.002627406494646832,-4.113588683330865,20.248456731316587
411,-4.12600339151452,-0.0030446520366674114,-4.122958739477853,20.273134932713294
412,-4.142219119508292,-0.006933018160142612,-4.135286101348149,20.29778313018444
413,-4.148611313689568,-0.007919925298294554,-4.140691388391274,20.322401432901575
414,-4.154473380818175,-0.004264360314895205,-4.150209020503279,20.346989949375804
415,-4.168849882539984,-0.00606050899715832,-4.162789373542826,20.37154878746336
416,-4.175122014433703,-0.0032812810943048643,-4.1718407333393985,20.396078054371138
417,-4.183285953713985,-0.003528234063745406,-4.179757719650239,20.42057785666214
418,-4.196058606274186,-0.0016565807261081263,-4.1944020255480785,20.445048300260872
419,-4.1986572330734,0.0,-4.1986572330734,20.46948949045872
420,-4.20352617139052,0.0,-4.20352617139052,20.493901531919196
421,-4.205709819456579,0.0,-4.205709819456579,20.518284528683193
422,-4.212206886254808,0.0,-4.212206886254808,20.54263858417414
423,-4.218590905661152,0.0,-4.218590905661152,20.566963801203133
424,-4.227202552819592,0.0,-4.227202552819592,20.591260281974
425,-4.234755012229527,0.0,-4.234755012229527,20.615528128088304
426,-4.244137624237428,0.0,-4.244137624237428,20.639767440550294
427,-4.252338298773586,0.0,-4.252338298773586,20.663978319771825
428,-4.262317274711285,0.0,-4.262317274711285,20.688160865577203
429,-4.267405842427938,0.0,-4.267405842427938,20.71231517720798
430,-4.278809816272744,0.0,-4.278809816272744,20.73644135332772
431,-4.289802033171933,0.0,-4.289802033171933,20.760539492026695
432,-4.2968996606984575,0.0,-4.2968996606984575,20.784609690826528
433,-4.302729529147605,0.0,-4.302729529147605,20.808652046684813
434,-4.30683454213883,0.0,-4.30683454213883,20.83266665599966
435,-4.315703791104671,0.0,-4.315703791104671,20.85665361461421
436,-4.349280803486539,0.0,-4.349280803486539,20.8806130178211
437,-4.359163051711463,0.0,-4.359163051711463,20.904544960366874
438,-4.368000443571109,0.0,-4.368000443571109,20.92844953645635
439,-4.38241791595658,0.0,-4.38241791595658,20.952326839756964
440,-4.390864527980807,0.0,-4.390864527980807,20.97617696340303
441,-4.397964090741711,0.0,-4.397964090741711,21.0
442,-4.407944053316445,0.0,-4.407944053316445,21.02379604162864
443,-4.410867344709759,0.0,-4.410867344709759,21.047565179849187
444,-4.425697538172136,0.0,-4.425697538172136,21.071307505705477
445,-4.432267690692106,0.0,-4.432267690692106,21.095023109728988
446,-4.447554799459628,0.0,-4.447554799459628,21.118712081942874
447,-4.468486586299266,0.0,-4.468486586299266,21.142374511865974
448,-4.4754670088203,0.0,-4.4754670088203,21.166010488516726
449,-4.480814335765818,0.0,-4.480814335765818,21.18962010041709
450,-4.482595321105077,0.0,-4.482595321105077,21.213203435596427
451,-4.4895509798970314,0.0,-4.4895509798970314,21.236760581595302
452,-4.499054872891641,0.0,-4.499054872891641,21.2602916254693
453,-4.5083562463858495,0.0,-4.5083562463858495,21.283796653792763
454,-4.5229643553807595,0.0,-4.5229643553807595,21.307275752662516
455,-4.541425874728889,0.0,-4.541425874728889,21.330729007701542
456,-4.579440573026572,0.0,-4.579440573026572,21.354156504062622
457,-4.584146310292942,0.0,-4.584146310292942,21.37755832643195
458,-4.5962577785910925,0.0,-4.5962577785910925,21.400934559032695
459,-4.603446956027045,0.0,-4.603446956027045,21.42428528562855
460,-4.614645143751378,0.0,-4.614645143751378,21.447610589527216
461,-4.622247606118849,0.0,-4.622247606118849,21.470910553583888
462,-4.62938500522697,0.0,-4.62938500522697,21.494185260204677
463,-4.6340786584900995,0.0,-4.6340786584900995,21.517434791350013
464,-4.644891549907547,0.0,-4.644891549907547,21.540659228538015
465,-4.6540299880915885,0.0,-4.6540299880915885,21.563858652847824
466,-4.656939973827804,0.0,-4.656939973827804,21.587033144922902
467,-4.661548389736868,0.0,-4.661548389736868,21.61018278497431
468,-4.6704688713675235,0.0,-4.6704688713675235,21.633307652783937
469,-4.68263872184222,0.0,-4.68263872184222,21.656407827707714
470,-4.69400834111425,0.0,-4.69400834111425,21.6794833886788
471,-4.7011684654795864,0.0,-4.7011684654795864,21.702534414210707
472,-4.709390557517213,0.0,-4.709390557517213,21.72556098240043
473,-4.717443285676155,0.0,-4.717443285676155,21.748563170931547
474,-4.736669822589189,0.0,-4.736669822589189,21.77154105707724
475,-4.7478943672038145,0.0,-4.7478943672038145,21.79449471770337
476,-4.754761985461826,0.0,-4.754761985461826,21.817424229271428
477,-4.760510458213498,0.0,-4.760510458213498,21.840329667841555
478,-4.770489861541619,0.0,-4.770489861541619,21.863211109075447
479,-4.778890694522529,0.0,-4.778890694522529,21.88606862823929
480,-4.791105120019925,0.0,-4.791105120019925,21.908902300206645
481,-4.798717459824972,0.0,-4.798717459824972,21.93171219946131
482,-4.8087965692995,0.0,-4.8087965692995,21.95449840010015
483,-4.815293838985724,0.0,-4.815293838985724,21.97726097583591
484,-4.818829908728836,0.0,-4.818829908728836,22.0
485,-4.826794857320746,0.0,-4.826794857320746,22.02271554554524
486,-4.834064414511996,0.0,-4.834064414511996,22.045407685048602
487,-4.842460300577136,0.0,-4.842460300577136,22.06807649071391
488,-4.8487264226519375,0.0,-4.8487264226519375,22.090722034374522
489,-4.85572618886088,0.0,-4.85572618886088,22.11334438749598
490,-4.8675517675748425,0.0,-4.8675517675748425,22.135943621178654
491,-4.879082474183178,0.0,-4.879082474183178,22.15851980616034
492,-4.885490068162424,0.0,-4.885490068162424,22.181073012818835
493,-4.890874886867151,0.0,-4.890874886867151,22.20360331117452
494,-4.895255651249546,0.0,-4.895255651249546,22.22611077089287
495,-4.90909524964833,0.0,-4.90909524964833,22.24859546128699
496,-4.928770426654821,0.0,-4.928770426654821,22.271057451320086
497,-4.933526380580627,0.0,-4.933526380580627,22.293496809607955
498,-4.940320830798272,0.0,-4.940320830798272,22.315913604421397
499,-4.9454224608874515,0.0,-4.9454224608874515,22.338307903688676
500,-4.958081841885468,0.0,-4.958081841885468,22.360679774997898
